﻿<parameters>
  <parameter name="IIS Web Application Name" defaultValue="patisazon-001-site1" tags="IisApp">
    <parameterEntry kind="ProviderPath" scope="IisApp" match="^T:\\tareas\\sena\\PROYECTO\.NET\\ACTUALIZACION\ PATISAZON\\PATISAZON\\PATISAZON\\obj\\Release\\Package\\PackageTmp$" />
    <parameterEntry kind="ProviderPath" scope="setAcl" match="^T:\\tareas\\sena\\PROYECTO\.NET\\ACTUALIZACION\ PATISAZON\\PATISAZON\\PATISAZON\\obj\\Release\\Package\\PackageTmp$" />
  </parameter>
  <parameter name="DefaultConnection-Web.config Connection String" defaultValue="Data Source=SQL5108.site4now.net;Initial Catalog=db_a79c9d_patisazon;User ID=db_a79c9d_patisazon_admin;Password=Daniel0710">
    <parameterEntry kind="XmlFile" scope="T:\\tareas\\sena\\PROYECTO\.NET\\ACTUALIZACION\ PATISAZON\\PATISAZON\\PATISAZON\\obj\\Release\\Package\\PackageTmp\\Web\.config$" match="/configuration/connectionStrings/add[@name='DefaultConnection']/@connectionString" />
  </parameter>
  <parameter name="DefaultConnection_DatabasePublish-Web.config Connection String" description="DefaultConnection Cadena de conexión usada por el primer modelo de código Entity Framework para implementar la base de datos." defaultValue="Data Source=SQL5108.site4now.net;Initial Catalog=db_a79c9d_patisazon;User ID=db_a79c9d_patisazon_admin;Password=Daniel0710">
    <parameterEntry kind="XmlFile" scope="T:\\tareas\\sena\\PROYECTO\.NET\\ACTUALIZACION\ PATISAZON\\PATISAZON\\PATISAZON\\obj\\Release\\Package\\PackageTmp\\Web\.config$" match="/configuration/connectionStrings/add[@name='DefaultConnection_DatabasePublish']/@connectionString" />
  </parameter>
</parameters>